patient_id,bowel_healthy,bowel_injury,extravasation_healthy,extravasation_injury,kidney_healthy,kidney_low,kidney_high,liver_healthy,liver_low,liver_high,spleen_healthy,spleen_low,spleen_high,any_injury
48843,0.9774388306323483,0.09024467747060692,0.9316809659993645,1.9129329520177945,0.9310454401016841,0.17921830314585319,0.14489990467111535,0.8919605973943439,0.34699714013346045,0.1277407054337464,0.8817921830314586,0.2669208770257388,0.3088655862726406,8.09659993644741
50046,0.9774388306323483,0.09024467747060692,0.9316809659993645,1.9129329520177945,0.9310454401016841,0.17921830314585319,0.14489990467111535,0.8919605973943439,0.34699714013346045,0.1277407054337464,0.8817921830314586,0.2669208770257388,0.3088655862726406,8.09659993644741
63706,0.9774388306323483,0.09024467747060692,0.9316809659993645,1.9129329520177945,0.9310454401016841,0.17921830314585319,0.14489990467111535,0.8919605973943439,0.34699714013346045,0.1277407054337464,0.8817921830314586,0.2669208770257388,0.3088655862726406,8.09659993644741
